Position,Mean,Std_Dev,Max,Min
Position 1,0.0018644447606674438,2.8647733788717535e-05,0.001943273650212,0.0017635406173738
Position 2,0.0015011472240131713,2.556710977104764e-05,0.0017262142173283,0.0014431850781975
Position 3,0.0013961490049083393,7.322452039935165e-06,0.0014576705510579,0.0013757231299595
Position 4,0.001738807028782858,4.1600756594699904e-05,0.0019929739771057,0.0016290950532301
Position 5,0.002189557802531285,5.931725934796704e-05,0.0023986418266475,0.0019936508985458
Position 6,0.0015351968345043029,7.306146288999589e-05,0.0017007113753872,0.0012856336283885
Position 7,0.0012203183022974182,3.1741452915486704e-05,0.0017749212018145,0.001050354109028
