Position,Mean,Std_Dev,Max,Min
Position 1,0.002154320213511476,2.4500416004970397e-05,0.0021999809720841,0.0014658018073429
Position 2,0.0014510952198940879,4.0919525864528516e-05,0.0019426674343369,0.0013842067475647
Position 3,0.0017281369586815195,6.134397792541473e-05,0.0019868010415822,0.0015241827413596
Position 4,0.0017974247753595502,8.478239994295361e-05,0.002071510186538,0.0015635521354824
Position 5,0.0018698999461195108,1.1646980072847689e-05,0.001921966569671,0.0017826199008994
Position 6,0.0016878245261303904,3.597611126724983e-05,0.0018271406233929,0.0015959888414123
Position 7,0.0016838448830581883,4.4868208191669855e-05,0.0018158125031973,0.0014955578753514
