Position,Mean,Std_Dev,Max,Min
Position 1,0.0023389829642262664,5.2015485766749e-05,0.0024623485449657,0.0020881589148371
Position 2,0.0013541064235580674,4.030040250436104e-05,0.0014023579423196,0.0012338999367621
Position 3,0.0018010689922603829,1.902372819786883e-05,0.0023031688267701,0.0017545814212886
Position 4,0.00206710754764546,1.3819593269728523e-05,0.0021088245131089,0.0019720324568184
Position 5,0.0020895304151355523,3.027111319702645e-05,0.0022371285499702,0.0020047040450952
Position 6,0.0019729388887426372,2.3194368963926654e-05,0.0020366801845537,0.0016491201932767
Position 7,0.0019265082788233149,1.688114270571003e-05,0.0019843256172025,0.0018115373138159
